kaub_cm,fleet,vessel,nature,source,measures,transformation
5,0.08,0.00,assumed,"Stolt Ludwigshafen (BASF, 135 x 17.5 m): about 800 t at Kaub 30 cm, 2,300 t at 100 cm, 5,100 t at full draught (BASF press release 2023); nine such tankers in service in August 2026 (WirtschaftsWoche 18 Aug 2026); Kaub 5-6 cm on 14-17 Aug 2026 (PEGELONLINE); press on 14 Aug 2026: shipping past Kaub stopped (Verkehrsrundschau)","the payload of one purpose-built tanker at 30 cm (liquid bulk, upstream), the count of such vessels, and qualitative reports at 5-6 cm; no tonnage count exists at 5 cm","assumed: the low-water tankers and the small dry-cargo units still moving; the count of the week at 23 -> 6 cm (0.22, next row) bounds it from above; held at 0.08 below 5 cm; tested at 0.04 and 0.16 (Section S4)"
10,0.18,0.00,interpolated,"as the rows above and below","none at this gauge","interpolated between the 5 cm assumption and the count at about 12 cm"
15,0.24,0.02,measured,"KBN (Koninklijke Binnenvaart Nederland) via Schuttevaer, 14 Aug 2026: 60 kt dry and 30 kt wet in the week to about 13 Aug 2026 against a normal 300 and 100 kt","weekly tonnage of the association's members past the Middle Rhine, dry and liquid, both directions, in a week whose daily gauge fell from 23 to 6 cm (mean about 12 cm); denominator the association's own normal week","the count gives 0.22 of normal at a mean gauge of about 12 cm; the row takes 0.24 at 15 cm (the earlier version of the table took 0.12 here and attributed the count to the 25 cm row; rebuilt 6 Oct 2026)"
25,0.28,0.09,measured (vessel),"Argus Media, Aug 2026: a 1,200 t tanker loads 180 t at 23 cm; the low-water tankers 700-800 t of 5,100 t (BASF 2023, WirtschaftsWoche 2026)","single-vessel payloads, liquid bulk, Kaub 23-30 cm","vessel share 0.15 times a redeployment of 1.9 (more vessels for the same cargo) gives the fleet value"
30,0.30,0.11,measured (vessel),"Kiel Institute statement of 28 Jul 2026 (press): loads 10-15 % of capacity; van Dorsser et al. (2020): at the 2018 record of 25 cm only CEMT class II-III vessels sailed","single-vessel loads at about 30 cm, all cargo; the classes able to sail in 2018","vessel share 0.10-0.15 times a redeployment of 2-2.5 gives the fleet value"
40,0.33,0.16,convention,"WSV loading convention: at 40-50 cm a standard vessel carries about 20 %; Contargo surcharge notice, Aug 2026: at 40 cm freight navigation practically impossible for large container vessels","single-vessel load factor of a standard unit (GMS) and the container operator's threshold","vessel share 0.20 times a redeployment of 1.65 gives the fleet value"
55,0.40,0.24,measured (vessel),"Contargo surcharge table, 9 Aug 2026: at 55 cm a large container vessel loads 16 %; Schiffahrts-Zeitung / SMC 2026: twice the number of vessels deployed for the same cargo at moderate low water","single large container vessel at 55 cm; the fleet redeployment factor","0.16 times a redeployment of 2.5 gives the fleet value"
78,0.60,0.35,measured (monthly),"GlW convention (equivalent low water, 78 cm): Contargo loads 25 % per vessel, four times the ships; Ademmer et al. (2023): a full month below 78 cm lowers German inland-waterway tonnage by about 25 % (monthly, national, all cargo, 1991-2019)","the national monthly tonnage response to a month of low water, and the vessel load at the convention gauge","the national -25 % for a month below 78 cm, in which Kaub usually sits far below 78 (October and November 2018: monthly means 47 and 40 cm), bounds the fleet value from below; the vessel load 0.35 from above"
100,0.80,0.46,assumed,"Maersk low-water surcharge of EUR 100 per 20-foot container below 91 cm (surcharge notice)","the gauge at which the mild surcharge band starts, containers","assumed: mild restriction, 0.80"
120,0.90,0.56,assumed,"Kaub 120-125 cm in late April 2026: normal loading reported (press)","qualitative","assumed: near-normal loading, 0.90"
150,1.00,0.71,convention,"full loading of a standard vessel needs about 150 cm at Kaub (hydrostatus, Kiel Institute); the fleet's slack absorbs the residual","single-vessel full-load gauge","full loading of the fleet from 150 cm"
250,1.00,1.00,convention,"Contargo 2017: 250 cm = 100 % for the largest vessels","single-vessel convention","full loading"
