date,dgj_daily_cm,po_mean_cm,po_min_cm,po_max_cm,po_n,po_0500_cm,po_mean_mez_cm
2017-11-01,135.0,,,,,,
2017-11-02,137.0,,,,,,
2017-11-03,130.0,,,,,,
2017-11-04,124.0,,,,,,
2017-11-05,125.0,,,,,,
2017-11-06,128.0,,,,,,
2017-11-07,138.0,,,,,,
2017-11-08,151.0,,,,,,
2017-11-09,157.0,,,,,,
2017-11-10,156.0,,,,,,
2017-11-11,156.0,,,,,,
2017-11-12,161.0,,,,,,
2017-11-13,217.0,,,,,,
2017-11-14,344.0,,,,,,
2017-11-15,384.0,,,,,,
2017-11-16,344.0,,,,,,
2017-11-17,286.0,,,,,,
2017-11-18,254.0,,,,,,
2017-11-19,230.0,,,,,,
2017-11-20,216.0,,,,,,
2017-11-21,208.0,,,,,,
2017-11-22,209.0,,,,,,
2017-11-23,215.0,,,,,,
2017-11-24,215.0,,,,,,
2017-11-25,212.0,,,,,,
2017-11-26,236.0,,,,,,
2017-11-27,291.0,,,,,,
2017-11-28,307.0,,,,,,
2017-11-29,315.0,,,,,,
2017-11-30,310.0,,,,,,
2017-12-01,305.0,,,,,,
2017-12-02,290.0,,,,,,
2017-12-03,265.0,,,,,,
2017-12-04,238.0,,,,,,
2017-12-05,219.0,,,,,,
2017-12-06,210.0,,,,,,
2017-12-07,206.0,,,,,,
2017-12-08,207.0,,,,,,
2017-12-09,208.0,,,,,,
2017-12-10,214.0,,,,,,
2017-12-11,229.0,,,,,,
2017-12-12,305.0,,,,,,
2017-12-13,375.0,,,,,,
2017-12-14,403.0,,,,,,
2017-12-15,419.0,,,,,,
2017-12-16,428.0,,,,,,
2017-12-17,445.0,,,,,,
2017-12-18,443.0,,,,,,
2017-12-19,404.0,,,,,,
2017-12-20,361.0,,,,,,
2017-12-21,334.0,,,,,,
2017-12-22,315.0,,,,,,
2017-12-23,309.0,,,,,,
2017-12-24,313.0,,,,,,
2017-12-25,313.0,,,,,,
2017-12-26,299.0,,,,,,
2017-12-27,283.0,,,,,,
2017-12-28,280.0,,,,,,
2017-12-29,275.0,,,,,,
2017-12-30,268.0,,,,,,
2017-12-31,286.0,,,,,,
2018-01-01,350.0,,,,,,
2018-01-02,396.0,,,,,,
2018-01-03,411.0,,,,,,
2018-01-04,455.0,,,,,,
2018-01-05,505.0,,,,,,
2018-01-06,588.0,,,,,,
2018-01-07,660.0,,,,,,
2018-01-08,672.0,,,,,,
2018-01-09,641.0,,,,,,
2018-01-10,583.0,,,,,,
2018-01-11,513.0,,,,,,
2018-01-12,457.0,,,,,,
2018-01-13,416.0,,,,,,
2018-01-14,382.0,,,,,,
2018-01-15,352.0,,,,,,
2018-01-16,332.0,,,,,,
2018-01-17,338.0,,,,,,
2018-01-18,369.0,,,,,,
2018-01-19,412.0,,,,,,
2018-01-20,456.0,,,,,,
2018-01-21,498.0,,,,,,
2018-01-22,524.0,,,,,,
2018-01-23,533.0,,,,,,
2018-01-24,574.0,,,,,,
2018-01-25,616.0,,,,,,
2018-01-26,635.0,,,,,,
2018-01-27,615.0,,,,,,
2018-01-28,567.0,,,,,,
2018-01-29,521.0,,,,,,
2018-01-30,478.0,,,,,,
2018-01-31,442.0,,,,,,
2018-02-01,428.0,,,,,,
2018-02-02,436.0,,,,,,
2018-02-03,440.0,,,,,,
2018-02-04,433.0,,,,,,
2018-02-05,411.0,,,,,,
2018-02-06,382.0,,,,,,
2018-02-07,357.0,,,,,,
2018-02-08,331.0,,,,,,
2018-02-09,310.0,,,,,,
2018-02-10,296.0,,,,,,
2018-02-11,287.0,,,,,,
2018-02-12,276.0,,,,,,
2018-02-13,262.0,,,,,,
2018-02-14,252.0,,,,,,
2018-02-15,241.0,,,,,,
2018-02-16,236.0,,,,,,
2018-02-17,242.0,,,,,,
2018-02-18,281.0,,,,,,
2018-02-19,320.0,,,,,,
2018-02-20,338.0,,,,,,
2018-02-21,335.0,,,,,,
2018-02-22,316.0,,,,,,
2018-02-23,298.0,,,,,,
2018-02-24,275.0,,,,,,
2018-02-25,254.0,,,,,,
2018-02-26,232.0,,,,,,
2018-02-27,215.0,,,,,,
2018-02-28,207.0,,,,,,
2018-03-01,200.0,,,,,,
2018-03-02,192.0,,,,,,
2018-03-03,188.0,,,,,,
2018-03-04,190.0,,,,,,
2018-03-05,195.0,,,,,,
2018-03-06,191.0,,,,,,
2018-03-07,189.0,,,,,,
2018-03-08,194.0,,,,,,
2018-03-09,197.0,,,,,,
2018-03-10,205.0,,,,,,
2018-03-11,206.0,,,,,,
2018-03-12,207.0,,,,,,
2018-03-13,212.0,,,,,,
2018-03-14,230.0,,,,,,
2018-03-15,252.0,,,,,,
2018-03-16,262.0,,,,,,
2018-03-17,261.0,,,,,,
2018-03-18,252.0,,,,,,
2018-03-19,240.0,,,,,,
2018-03-20,229.0,,,,,,
2018-03-21,221.0,,,,,,
2018-03-22,212.0,,,,,,
2018-03-23,209.0,,,,,,
2018-03-24,203.0,,,,,,
2018-03-25,199.0,,,,,,
2018-03-26,192.0,,,,,,
2018-03-27,182.0,,,,,,
2018-03-28,176.0,,,,,,
2018-03-29,178.0,,,,,,
2018-03-30,194.0,,,,,,
2018-03-31,231.0,,,,,,
2018-04-01,249.0,,,,,,
2018-04-02,255.0,,,,,,
2018-04-03,259.0,,,,,,
2018-04-04,246.0,,,,,,
2018-04-05,239.0,,,,,,
2018-04-06,231.0,,,,,,
2018-04-07,230.0,,,,,,
2018-04-08,225.0,,,,,,
2018-04-09,219.0,,,,,,
2018-04-10,213.0,,,,,,
2018-04-11,219.0,,,,,,
2018-04-12,224.0,,,,,,
2018-04-13,225.0,,,,,,
2018-04-14,254.0,,,,,,
2018-04-15,250.0,,,,,,
2018-04-16,229.0,,,,,,
2018-04-17,217.0,,,,,,
2018-04-18,212.0,,,,,,
2018-04-19,207.0,,,,,,
2018-04-20,200.0,,,,,,
2018-04-21,198.0,,,,,,
2018-04-22,200.0,,,,,,
2018-04-23,201.0,,,,,,
2018-04-24,207.0,,,,,,
2018-04-25,213.0,,,,,,
2018-04-26,216.0,,,,,,
2018-04-27,218.0,,,,,,
2018-04-28,217.0,,,,,,
2018-04-29,221.0,,,,,,
2018-04-30,230.0,,,,,,
2018-05-01,223.0,,,,,,
2018-05-02,216.0,,,,,,
2018-05-03,214.0,,,,,,
2018-05-04,210.0,,,,,,
2018-05-05,206.0,,,,,,
2018-05-06,197.0,,,,,,
2018-05-07,188.0,,,,,,
2018-05-08,184.0,,,,,,
2018-05-09,183.0,,,,,,
2018-05-10,190.0,,,,,,
2018-05-11,197.0,,,,,,
2018-05-12,214.0,,,,,,
2018-05-13,218.0,,,,,,
2018-05-14,224.0,,,,,,
2018-05-15,236.0,,,,,,
2018-05-16,234.0,,,,,,
2018-05-17,249.0,,,,,,
2018-05-18,263.0,,,,,,
2018-05-19,260.0,,,,,,
2018-05-20,251.0,,,,,,
2018-05-21,242.0,,,,,,
2018-05-22,228.0,,,,,,
2018-05-23,219.0,,,,,,
2018-05-24,218.0,,,,,,
2018-05-25,223.0,,,,,,
2018-05-26,227.0,,,,,,
2018-05-27,216.0,,,,,,
2018-05-28,208.0,,,,,,
2018-05-29,200.0,,,,,,
2018-05-30,202.0,,,,,,
2018-05-31,210.0,,,,,,
2018-06-01,228.0,,,,,,
2018-06-02,252.0,,,,,,
2018-06-03,253.0,,,,,,
2018-06-04,240.0,,,,,,
2018-06-05,219.0,,,,,,
2018-06-06,210.0,,,,,,
2018-06-07,212.0,,,,,,
2018-06-08,222.0,,,,,,
2018-06-09,236.0,,,,,,
2018-06-10,242.0,,,,,,
2018-06-11,247.0,,,,,,
2018-06-12,271.0,,,,,,
2018-06-13,292.0,,,,,,
2018-06-14,289.0,,,,,,
2018-06-15,294.0,,,,,,
2018-06-16,303.0,,,,,,
2018-06-17,284.0,,,,,,
2018-06-18,257.0,,,,,,
2018-06-19,231.0,,,,,,
2018-06-20,218.0,,,,,,
2018-06-21,204.0,,,,,,
2018-06-22,193.0,,,,,,
2018-06-23,185.0,,,,,,
2018-06-24,177.0,,,,,,
2018-06-25,171.0,,,,,,
2018-06-26,165.0,,,,,,
2018-06-27,157.0,,,,,,
2018-06-28,151.0,,,,,,
2018-06-29,147.0,,,,,,
2018-06-30,144.0,,,,,,
2018-07-01,142.0,142.0,138.0,145.0,96.0,143.0,141.69
2018-07-02,132.0,132.5,128.0,138.0,96.0,136.0,132.12
2018-07-03,128.0,128.3,126.0,131.0,96.0,130.0,128.25
2018-07-04,128.0,127.8,126.0,129.0,96.0,128.0,127.79
2018-07-05,136.0,135.8,128.0,141.0,96.0,133.0,136.35
2018-07-06,145.0,144.8,140.0,149.0,96.0,141.0,145.06
2018-07-07,163.0,161.6,147.0,172.0,96.0,154.0,162.57
2018-07-08,168.0,167.8,165.0,171.0,96.0,169.0,167.61
2018-07-09,165.0,165.9,157.0,170.0,96.0,168.0,165.52
2018-07-10,149.0,149.2,144.0,157.0,96.0,151.0,148.67
2018-07-11,139.0,139.5,135.0,144.0,96.0,142.0,139.16
2018-07-12,133.0,133.3,129.0,137.0,96.0,134.0,133.06
2018-07-13,127.0,127.1,121.0,130.0,96.0,129.0,126.74
2018-07-14,116.0,116.4,111.0,123.0,96.0,120.0,115.94
2018-07-15,107.0,106.9,104.0,111.0,96.0,109.0,106.69
2018-07-16,105.0,105.4,103.0,109.0,96.0,106.0,105.34
2018-07-17,106.0,106.1,103.0,109.0,96.0,104.0,106.04
2018-07-18,106.0,106.1,103.0,110.0,96.0,103.0,106.3
2018-07-19,106.0,106.4,104.0,110.0,96.0,107.0,106.27
2018-07-20,105.0,105.3,101.0,109.0,96.0,107.0,105.16
2018-07-21,101.0,101.4,99.0,104.0,96.0,103.0,101.31
2018-07-22,103.0,102.6,97.0,114.0,96.0,99.0,103.14
2018-07-23,116.0,115.8,112.0,121.0,96.0,114.0,116.09
2018-07-24,117.0,117.7,115.0,120.0,96.0,118.0,117.44
2018-07-25,109.0,109.2,107.0,115.0,96.0,110.0,108.96
2018-07-26,101.0,101.6,98.0,109.0,96.0,105.0,101.25
2018-07-27,95.0,95.7,91.0,100.0,96.0,97.0,95.29
2018-07-28,89.0,89.2,88.0,91.0,96.0,88.0,89.23
2018-07-29,89.0,89.2,83.0,92.0,96.0,91.0,88.89
2018-07-30,84.0,83.5,80.0,87.0,96.0,81.0,83.55
2018-07-31,82.0,82.4,81.0,84.0,96.0,82.0,82.35
2018-08-01,77.0,77.2,74.0,82.0,96.0,80.0,76.95
2018-08-02,76.0,75.7,74.0,79.0,96.0,75.0,75.73
2018-08-03,76.0,76.0,74.0,79.0,96.0,75.0,76.05
2018-08-04,76.0,76.1,72.0,80.0,96.0,77.0,75.91
2018-08-05,77.0,76.5,72.0,79.0,96.0,74.0,76.7
2018-08-06,72.0,72.4,70.0,77.0,96.0,74.0,72.17
2018-08-07,70.0,70.2,68.0,74.0,96.0,72.0,70.1
2018-08-08,65.0,65.1,63.0,69.0,96.0,66.0,65.07
2018-08-09,68.0,67.7,65.0,72.0,96.0,67.0,67.9
2018-08-10,70.0,70.3,69.0,73.0,96.0,70.0,70.33
2018-08-11,79.0,78.3,71.0,81.0,96.0,76.0,78.66
2018-08-12,78.0,78.3,76.0,81.0,96.0,80.0,78.06
2018-08-13,72.0,72.0,68.0,76.0,96.0,75.0,71.76
2018-08-14,72.0,72.0,69.0,76.0,96.0,73.0,72.11
2018-08-15,73.0,73.1,72.0,76.0,96.0,72.0,73.17
2018-08-16,73.0,73.7,70.0,77.0,96.0,76.0,73.51
2018-08-17,71.0,71.4,69.0,75.0,96.0,71.0,71.44
2018-08-18,71.0,70.8,68.0,73.0,96.0,71.0,70.68
2018-08-19,65.0,65.0,62.0,69.0,96.0,66.0,64.95
2018-08-20,68.0,68.2,66.0,70.0,96.0,68.0,68.24
2018-08-21,65.0,65.1,63.0,68.0,96.0,67.0,64.96
2018-08-22,62.0,62.7,60.0,65.0,96.0,64.0,62.5
2018-08-23,57.0,57.8,54.0,60.0,96.0,59.0,57.54
2018-08-24,56.0,55.8,54.0,58.0,96.0,55.0,55.92
2018-08-25,60.0,59.5,57.0,63.0,96.0,59.0,59.68
2018-08-26,68.0,67.9,63.0,72.0,96.0,65.0,68.24
2018-08-27,73.0,73.4,72.0,75.0,96.0,74.0,73.4
2018-08-28,73.0,73.2,71.0,75.0,96.0,73.0,73.24
2018-08-29,74.0,73.6,71.0,79.0,96.0,71.0,73.77
2018-08-30,74.0,74.5,72.0,77.0,96.0,75.0,74.3
2018-08-31,70.0,69.9,65.0,74.0,96.0,72.0,69.6
2018-09-01,68.0,67.6,64.0,76.0,96.0,65.0,68.07
2018-09-02,81.0,80.3,75.0,86.0,96.0,77.0,80.75
2018-09-03,94.0,93.5,86.0,102.0,96.0,90.0,94.1
2018-09-04,113.0,112.6,101.0,119.0,96.0,107.0,113.31
2018-09-05,110.0,110.9,106.0,119.0,96.0,115.0,110.42
2018-09-06,102.0,102.1,98.0,108.0,96.0,105.0,101.69
2018-09-07,98.0,98.2,97.0,101.0,96.0,97.0,98.28
2018-09-08,100.0,99.9,97.0,102.0,96.0,100.0,99.75
2018-09-09,93.0,92.8,90.0,98.0,96.0,94.0,92.59
2018-09-10,92.0,92.3,90.0,96.0,96.0,93.0,92.28
2018-09-11,89.0,89.5,87.0,93.0,96.0,91.0,89.44
2018-09-12,87.0,87.3,86.0,89.0,96.0,88.0,87.23
2018-09-13,81.0,81.5,79.0,87.0,96.0,84.0,81.19
2018-09-14,75.0,75.7,71.0,80.0,96.0,78.0,75.42
2018-09-15,73.0,72.8,71.0,74.0,96.0,73.0,72.83
2018-09-16,78.0,78.0,72.0,82.0,96.0,76.0,78.14
2018-09-17,75.0,75.5,74.0,78.0,96.0,75.0,75.38
2018-09-18,76.0,75.6,73.0,78.0,96.0,75.0,75.59
2018-09-19,66.0,66.7,61.0,74.0,96.0,72.0,66.19
2018-09-20,63.0,63.1,61.0,65.0,96.0,62.0,63.24
2018-09-21,64.0,64.1,63.0,67.0,96.0,64.0,64.06
2018-09-22,61.0,60.9,59.0,63.0,96.0,61.0,60.95
2018-09-23,65.0,65.2,63.0,70.0,96.0,64.0,65.43
2018-09-24,77.0,76.3,68.0,81.0,96.0,74.0,76.6
2018-09-25,81.0,80.9,75.0,87.0,96.0,78.0,81.03
2018-09-26,82.0,81.5,79.0,83.0,96.0,80.0,81.6
2018-09-27,84.0,83.8,82.0,87.0,96.0,83.0,83.74
2018-09-28,77.0,77.1,74.0,82.0,96.0,79.0,76.78
2018-09-29,67.0,67.5,64.0,76.0,96.0,69.0,67.11
2018-09-30,64.0,64.0,59.0,67.0,96.0,66.0,63.72
2018-10-01,56.0,56.5,54.0,60.0,96.0,58.0,56.33
2018-10-02,56.0,56.7,54.0,60.0,96.0,59.0,56.7
2018-10-03,59.0,58.1,55.0,64.0,96.0,57.0,58.52
2018-10-04,72.0,70.8,64.0,75.0,96.0,68.0,71.31
2018-10-05,77.0,77.1,75.0,80.0,96.0,75.0,77.22
2018-10-06,74.0,74.6,68.0,79.0,96.0,77.0,74.2
2018-10-07,69.0,68.6,67.0,71.0,96.0,69.0,68.57
2018-10-08,68.0,67.8,65.0,71.0,96.0,67.0,67.67
2018-10-09,63.0,62.7,61.0,66.0,96.0,63.0,62.64
2018-10-10,62.0,61.9,59.0,65.0,96.0,62.0,61.78
2018-10-11,57.0,57.6,55.0,60.0,96.0,58.0,57.43
2018-10-12,53.0,53.2,52.0,55.0,96.0,53.0,53.14
2018-10-13,53.0,53.1,51.0,56.0,96.0,54.0,52.97
2018-10-14,48.0,48.7,43.0,53.0,96.0,51.0,48.36
2018-10-15,42.0,41.8,41.0,44.0,96.0,41.0,41.75
2018-10-16,42.0,42.6,39.0,45.0,96.0,42.0,42.47
2018-10-17,37.0,37.5,33.0,40.0,96.0,38.0,37.2
2018-10-18,33.0,32.8,31.0,35.0,96.0,31.0,32.86
2018-10-19,36.0,36.6,30.0,41.0,96.0,38.0,36.38
2018-10-20,29.0,29.3,27.0,31.0,96.0,29.0,29.21
2018-10-21,27.0,27.1,26.0,29.0,96.0,27.0,27.06
2018-10-22,25.0,25.3,24.0,30.0,96.0,25.0,25.38
2018-10-23,28.0,28.6,25.0,33.0,96.0,31.0,28.45
2018-10-24,27.0,26.9,25.0,28.0,96.0,27.0,27.06
2018-10-25,31.0,31.2,28.0,34.0,96.0,30.0,31.4
2018-10-26,30.0,29.6,27.0,32.0,96.0,30.0,29.6
2018-10-27,31.0,31.3,27.0,35.0,96.0,35.0,31.06
2018-10-28,29.0,28.8,27.0,31.0,100.0,28.0,28.9
2018-10-29,33.0,33.2,29.0,40.0,96.0,30.0,33.23
2018-10-30,52.0,51.8,40.0,60.0,96.0,47.0,51.79
2018-10-31,59.0,58.8,55.0,63.0,96.0,62.0,58.82
2018-11-01,54.0,54.0,52.0,59.0,96.0,53.0,53.99
2018-11-02,59.0,58.9,57.0,61.0,96.0,57.0,58.95
2018-11-03,56.0,55.6,54.0,58.0,96.0,55.0,55.57
2018-11-04,55.0,55.3,53.0,59.0,96.0,53.0,55.31
2018-11-05,54.0,53.8,48.0,58.0,96.0,56.0,53.82
2018-11-06,45.0,45.2,40.0,48.0,96.0,47.0,45.19
2018-11-07,42.0,42.2,40.0,44.0,96.0,42.0,42.23
2018-11-08,42.0,41.8,37.0,47.0,96.0,43.0,41.83
2018-11-09,38.0,38.4,36.0,42.0,96.0,36.0,38.44
2018-11-10,39.0,39.1,36.0,42.0,96.0,41.0,39.06
2018-11-11,43.0,43.4,39.0,47.0,96.0,41.0,43.42
2018-11-12,45.0,45.4,44.0,48.0,96.0,46.0,45.41
2018-11-13,46.0,45.8,44.0,48.0,96.0,44.0,45.75
2018-11-14,50.0,49.6,48.0,52.0,96.0,49.0,49.59
2018-11-15,46.0,45.9,44.0,49.0,96.0,47.0,45.94
2018-11-16,44.0,44.2,43.0,46.0,96.0,43.0,44.22
2018-11-17,40.0,39.6,36.0,43.0,96.0,41.0,39.62
2018-11-18,34.0,34.4,32.0,37.0,96.0,34.0,34.36
2018-11-19,32.0,32.3,29.0,37.0,96.0,33.0,32.29
2018-11-20,32.0,32.3,30.0,36.0,96.0,35.0,32.32
2018-11-21,32.0,31.7,29.0,34.0,96.0,33.0,31.68
2018-11-22,30.0,30.1,28.0,33.0,96.0,29.0,30.11
2018-11-23,32.0,31.9,30.0,34.0,96.0,32.0,31.9
2018-11-24,28.0,27.9,27.0,30.0,96.0,28.0,27.88
2018-11-25,30.0,30.3,28.0,33.0,96.0,31.0,30.34
2018-11-26,30.0,30.4,29.0,33.0,96.0,29.0,30.44
2018-11-27,30.0,30.5,29.0,33.0,96.0,31.0,30.49
2018-11-28,30.0,30.4,29.0,34.0,96.0,30.0,30.4
2018-11-29,30.0,29.8,28.0,32.0,96.0,31.0,29.79
2018-11-30,32.0,32.2,29.0,34.0,96.0,31.0,32.25
2018-12-01,34.0,34.5,33.0,36.0,96.0,34.0,34.48
2018-12-02,37.0,37.0,33.0,44.0,96.0,35.0,36.99
2018-12-03,60.0,59.2,44.0,82.0,96.0,49.0,59.24
2018-12-04,119.0,118.2,83.0,149.0,96.0,94.0,118.21
2018-12-05,160.0,159.4,149.0,171.0,96.0,152.0,159.36
2018-12-06,179.0,178.4,172.0,183.0,96.0,177.0,178.4
2018-12-07,162.0,162.6,148.0,176.0,96.0,172.0,162.57
2018-12-08,139.0,139.0,133.0,148.0,96.0,146.0,139.0
2018-12-09,142.0,142.1,135.0,153.0,96.0,137.0,142.1
2018-12-10,158.0,158.0,152.0,166.0,96.0,154.0,157.98
2018-12-11,176.0,175.1,166.0,197.0,96.0,167.0,175.14
2018-12-12,205.0,204.9,197.0,210.0,96.0,202.0,204.91
2018-12-13,198.0,198.1,189.0,204.0,96.0,202.0,198.14
2018-12-14,177.0,176.9,167.0,189.0,96.0,185.0,176.91
2018-12-15,161.0,161.1,154.0,167.0,96.0,164.0,161.14
2018-12-16,150.0,150.0,144.0,154.0,96.0,153.0,149.97
2018-12-17,133.0,133.7,126.0,144.0,96.0,140.0,133.72
2018-12-18,122.0,122.2,119.0,126.0,96.0,125.0,122.18
2018-12-19,118.0,117.7,115.0,121.0,96.0,121.0,117.74
2018-12-20,115.0,115.1,111.0,119.0,96.0,117.0,115.09
2018-12-21,121.0,120.7,113.0,129.0,96.0,116.0,120.74
2018-12-22,141.0,140.6,128.0,148.0,96.0,136.0,140.58
2018-12-23,166.0,165.1,147.0,202.0,96.0,150.0,165.09
2018-12-24,257.0,255.9,202.0,299.0,96.0,224.0,255.85
2018-12-25,333.0,331.9,299.0,366.0,96.0,312.0,331.93
2018-12-26,379.0,379.2,367.0,387.0,96.0,374.0,379.2
2018-12-27,384.0,384.6,370.0,390.0,96.0,389.0,384.57
2018-12-28,339.0,339.8,312.0,369.0,96.0,355.0,339.82
2018-12-29,287.0,287.9,266.0,312.0,96.0,301.0,287.9
2018-12-30,250.0,249.9,235.0,266.0,96.0,258.0,249.95
2018-12-31,220.0,220.1,206.0,234.0,96.0,227.0,220.07
2026-06-01,,107.8,105.0,111.0,96.0,106.0,108.0
2026-06-02,,110.6,108.0,113.0,96.0,112.0,110.59
2026-06-03,,116.3,110.0,125.0,96.0,112.0,116.93
2026-06-04,,131.7,125.0,138.0,96.0,127.0,132.25
2026-06-05,,148.3,139.0,154.0,96.0,144.0,148.93
2026-06-06,,155.2,152.0,158.0,96.0,155.0,155.22
2026-06-07,,154.1,152.0,157.0,96.0,155.0,154.05
2026-06-08,,146.1,140.0,152.0,96.0,150.0,145.61
2026-06-09,,135.1,128.0,141.0,96.0,138.0,134.61
2026-06-10,,125.5,123.0,129.0,96.0,127.0,125.3
2026-06-11,,123.9,122.0,126.0,96.0,124.0,123.96
2026-06-12,,127.6,124.0,132.0,96.0,127.0,127.9
2026-06-13,,136.6,130.0,144.0,96.0,134.0,137.15
2026-06-14,,140.0,136.0,144.0,96.0,142.0,139.74
2026-06-15,,129.2,121.0,137.0,96.0,133.0,128.61
2026-06-16,,120.4,118.0,122.0,96.0,122.0,120.28
2026-06-17,,114.9,112.0,120.0,96.0,118.0,114.58
2026-06-18,,107.9,104.0,113.0,96.0,111.0,107.66
2026-06-19,,108.7,106.0,112.0,96.0,107.0,108.75
2026-06-20,,106.0,103.0,109.0,96.0,108.0,105.88
2026-06-21,,104.4,103.0,107.0,96.0,105.0,104.38
2026-06-22,,105.6,103.0,110.0,96.0,103.0,105.68
2026-06-23,,104.4,102.0,107.0,96.0,105.0,104.26
2026-06-24,,97.8,91.0,104.0,96.0,100.0,97.31
2026-06-25,,87.1,85.0,91.0,96.0,89.0,86.83
2026-06-26,,84.0,81.0,87.0,96.0,85.0,83.91
2026-06-27,,81.4,79.0,84.0,96.0,83.0,81.35
2026-06-28,,80.6,76.0,84.0,96.0,82.0,80.4
2026-06-29,,80.1,75.0,84.0,96.0,78.0,80.29
2026-06-30,,86.3,80.0,92.0,96.0,82.0,86.54
2026-07-01,,91.0,85.0,99.0,96.0,86.0,91.45
2026-07-02,,101.8,98.0,106.0,96.0,101.0,102.1
2026-07-03,,109.8,105.0,117.0,96.0,108.0,110.22
2026-07-04,,120.9,116.0,126.0,96.0,122.0,120.93
2026-07-05,,117.2,112.0,121.0,96.0,119.0,117.0
2026-07-06,,108.1,105.0,112.0,96.0,110.0,107.8
2026-07-07,,100.1,92.0,106.0,96.0,104.0,99.57
2026-07-08,,86.1,81.0,93.0,96.0,89.0,85.65
2026-07-09,,78.5,74.0,83.0,96.0,81.0,78.1
2026-07-10,,70.9,67.0,74.0,96.0,72.0,70.64
2026-07-11,,62.1,58.0,68.0,96.0,64.0,61.8
2026-07-12,,57.9,56.0,61.0,96.0,58.0,57.71
2026-07-13,,53.7,51.0,56.0,96.0,53.0,53.57
2026-07-14,,46.9,43.0,54.0,96.0,50.0,46.48
2026-07-15,,41.7,40.0,44.0,96.0,42.0,41.68
2026-07-16,,44.8,43.0,46.0,96.0,45.0,44.91
2026-07-17,,53.4,46.0,57.0,96.0,51.0,53.79
2026-07-18,,65.3,56.0,77.0,96.0,58.0,66.14
2026-07-19,,78.2,76.0,81.0,96.0,77.0,78.4
2026-07-20,,84.0,80.0,89.0,96.0,80.0,84.22
2026-07-21,,81.7,77.0,86.0,96.0,84.0,81.33
2026-07-22,,70.7,63.0,78.0,96.0,75.0,70.12
2026-07-23,,58.9,55.0,64.0,96.0,61.0,58.54
2026-07-24,,47.9,41.0,55.0,96.0,53.0,47.33
2026-07-25,,41.1,39.0,43.0,96.0,42.0,41.04
2026-07-26,,38.4,36.0,41.0,96.0,41.0,38.24
2026-07-27,,33.5,31.0,38.0,96.0,36.0,33.31
2026-07-28,,29.0,27.0,32.0,96.0,30.0,28.8
2026-07-29,,28.6,27.0,30.0,96.0,29.0,28.62
2026-07-30,,28.6,25.0,31.0,96.0,29.0,28.47
2026-07-31,,26.8,25.0,30.0,96.0,25.0,26.96
2026-08-01,,29.6,27.0,33.0,96.0,27.0,29.76
2026-08-02,,28.7,27.0,33.0,96.0,30.0,28.48
2026-08-03,,27.0,22.0,29.0,96.0,29.0,26.76
2026-08-04,,25.0,21.0,28.0,96.0,24.0,25.05
2026-08-05,,20.2,17.0,25.0,96.0,23.0,20.0
2026-08-06,,20.3,18.0,24.0,96.0,19.0,20.51
2026-08-07,,24.2,23.0,27.0,96.0,23.0,24.25
2026-08-08,,25.7,24.0,28.0,96.0,25.0,25.69
2026-08-09,,21.1,19.0,25.0,96.0,23.0,20.9
2026-08-10,,16.5,15.0,19.0,96.0,17.0,16.39
2026-08-11,,14.6,13.0,17.0,96.0,15.0,14.49
2026-08-12,,11.3,10.0,13.0,96.0,12.0,11.28
2026-08-13,,11.9,10.0,14.0,96.0,11.0,11.92
2026-08-14,,8.1,6.0,12.0,96.0,10.0,7.89
2026-08-15,,8.1,6.0,11.0,96.0,8.0,8.12
2026-08-16,,6.7,6.0,8.0,96.0,8.0,6.67
2026-08-17,,6.4,5.0,9.0,96.0,6.0,6.54
2026-08-18,,12.0,9.0,15.0,96.0,9.0,12.17
2026-08-19,,13.9,11.0,22.0,96.0,14.0,14.3
2026-08-20,,34.8,23.0,43.0,96.0,31.0,35.66
2026-08-21,,44.6,42.0,47.0,96.0,45.0,44.5
2026-08-22,,37.0,34.0,42.0,96.0,40.0,36.85
2026-08-23,,44.6,37.0,52.0,96.0,42.0,45.26
2026-08-24,,67.8,51.0,75.0,96.0,60.0,68.72
2026-08-25,,72.0,67.0,76.0,96.0,75.0,71.68
2026-08-26,,65.4,63.0,68.0,96.0,66.0,65.26
2026-08-27,,60.0,57.0,64.0,96.0,61.0,59.78
2026-08-28,,60.6,59.0,63.0,96.0,60.0,60.8
2026-08-29,,70.5,62.0,77.0,96.0,67.0,71.0
2026-08-30,,72.4,70.0,75.0,96.0,73.0,72.28
2026-08-31,,72.9,71.0,75.0,96.0,72.0,72.84
2026-09-01,,68.1,64.0,72.0,96.0,70.0,67.81
2026-09-02,,59.2,52.0,64.0,96.0,62.0,58.67
2026-09-03,,51.1,46.0,56.0,96.0,53.0,50.85
2026-09-04,,42.8,38.0,48.0,96.0,46.0,42.65
2026-09-05,,40.4,36.0,44.0,60.0,42.0,40.21
