column,month,low_water_days,central,p16,p84,p2_5,p97_5
1,2026-05,0,-0.0,-0.0,0.0,-0.0,0.0
1,2026-06,0,-0.0,-0.0,0.0,-0.0,0.0
1,2026-07,19,0.646,0.421,0.872,0.196,1.095
1,2026-08,31,1.399,0.971,1.825,0.561,2.252
1,2026-09,30,1.523,1.021,2.045,0.558,2.584
1,2026-10,31,1.512,1.029,2.03,0.584,2.573
1,2026-11,15,0.994,0.587,1.435,0.222,1.904
1,2026-12,0,0.189,0.033,0.38,-0.097,0.632
1,2027-01,0,-0.033,-0.052,0.002,-0.084,0.038
1,2027-02,0,0.006,0.0,0.012,-0.006,0.024
2,2026-05,0,-0.0,-0.0,0.0,-0.0,0.0
2,2026-06,0,-0.0,-0.0,0.0,-0.0,0.0
2,2026-07,19,0.722,0.497,0.948,0.272,1.171
2,2026-08,31,1.414,1.019,1.805,0.645,2.184
2,2026-09,30,1.441,1.017,1.865,0.617,2.275
2,2026-10,31,1.444,1.034,1.853,0.647,2.254
2,2026-11,15,0.861,0.524,1.199,0.213,1.535
2,2026-12,0,0.083,-0.013,0.183,-0.107,0.286
2,2027-01,0,-0.03,-0.063,0.005,-0.097,0.039
2,2027-02,0,0.011,-0.002,0.022,-0.014,0.035
3,2026-05,0,-0.0,-0.0,0.0,-0.0,0.0
3,2026-06,0,-0.0,-0.0,0.0,-0.0,0.0
3,2026-07,19,0.551,0.304,0.796,0.065,1.04
3,2026-08,31,0.708,0.389,1.023,0.085,1.336
3,2026-09,30,0.625,0.343,0.904,0.075,1.183
3,2026-10,31,0.683,0.376,0.986,0.082,1.288
3,2026-11,15,0.199,0.107,0.29,0.024,0.39
3,2026-12,0,-0.069,-0.098,-0.037,-0.128,-0.008
3,2027-01,0,0.024,0.013,0.034,0.003,0.047
3,2027-02,0,-0.008,-0.013,-0.004,-0.018,-0.001
4,2026-05,0,-0.0,-0.0,0.0,-0.0,0.0
4,2026-06,0,-0.0,-0.0,0.0,-0.0,0.0
4,2026-07,19,0.779,0.46,1.099,0.142,1.414
4,2026-08,31,1.675,1.129,2.214,0.607,2.743
4,2026-09,30,1.743,1.159,2.326,0.609,2.895
4,2026-10,31,1.723,1.158,2.288,0.619,2.84
4,2026-11,15,1.111,0.655,1.57,0.231,2.022
4,2026-12,0,0.14,0.01,0.276,-0.116,0.415
4,2027-01,0,-0.05,-0.097,-0.004,-0.142,0.043
4,2027-02,0,0.018,0.001,0.034,-0.016,0.052
